reference,dataset_source,dataset_notes,dataset_type,dataset_language,dataset_contains_synthetic_data,dataset_is_public,dataset_user_psychopathology_status,dataset_responder_type
Indumini 2024 Implementing cognitive behavioral,Self-collected data,intent classification dataset: examples of therapy intents,Other: Labeled examples of therapeutic intentions,Other: unknown,No,No,Unknown,not applicable
Maurya 2025 Exploring the potential of lightweight,External data set,CounselChat https://github.com/nbertagnolli/counsel-chat,Internet data -- mental health Q&A,English,No,Yes,Unselected,Trained professionals
Maurya 2025 Exploring the potential of lightweight,External data set,"Amod Mental health counseling conversations https://huggingface.co/datasets/Amod/mental_health_counseling_conversations From Huggingface description: This dataset is a collection of real counselling question-and-answer pairs taken from two public mental-health platforms. It is intended for training and evaluating language models that provide safer, context-aware mental-health responses.",Internet data -- mental health Q&A,English,No,Yes,Unknown,Unknown
Ascorbe 2023 Towards a Retrieval Augmented,Self-collected data,"Finally, in order to evaluate the different alternatives ofour system, a dataset of 150 question-answer pairs havebeen generate",Internet data -- mental health Q&A,Spanish,Unknown,No,Unknown,Unknown
Moore 2025 Expressing stigma and inappropriate,External data set,Mental illness case vignettes https://github.com/jlcmoore/llms-as-therapists/blob/main/data/questions.jsonl,Other: Psychiatric case vignettes,English,Yes,Yes,n.a.,not applicable
Alathamneh 2024 Artificial Intelligence in Mental,External data set,Marmikpandya/mental-health https://huggingface.co/datasets/marmikpandya/mental-health,Internet data -- mental health Q&A,English,Unknown,Yes,Unknown,Unknown
Alathamneh 2024 Artificial Intelligence in Mental,External data set,alexandreteles/mental-health-conversational-data https://huggingface.co/datasets/alexandreteles/mental-health-conversational-data,Internet data -- mental health Q&A,English,Unknown,Yes,Unknown,Unknown
Alathamneh 2024 Artificial Intelligence in Mental,External data set,PrinceAyush/Mental_Health_conv https://huggingface.co/datasets/PrinceAyush/Mental_Health_conv,Internet data -- mental health Q&A,English,Unknown,Yes,Unknown,Unknown
Alathamneh 2024 Artificial Intelligence in Mental,External data set,heliosbrahma/mental_health_chatbot_dataset https://huggingface.co/datasets/heliosbrahma/mental_health_chatbot_dataset,Internet data -- mental health Q&A,English,No,Yes,Unselected,Unknown
Alathamneh 2024 Artificial Intelligence in Mental,External data set,tolu07/Mental_Health_FAQ https://huggingface.co/datasets/tolu07/Mental_Health_FAQ,Internet data -- mental health Q&A,English,Unknown,Yes,Unknown,Unknown
Taiwo 2025 Emotion‐aware psychological first,External data set,CounselChat https://github.com/nbertagnolli/counsel-chat,Internet data -- mental health Q&A,English,No,Yes,Unselected,Trained professionals
Gumilang 2024 Development of a Mental Health,External data set,CounselChat https://github.com/nbertagnolli/counsel-chat,Internet data -- mental health Q&A,English,No,Yes,Unselected,Trained professionals
Shayaninasab 2024 Enhancing Patient Intake,External data set,CounselChat https://github.com/nbertagnolli/counsel-chat,Internet data -- mental health Q&A,English,No,Yes,Unselected,Trained professionals
Naresh Kumar 2025 Early Detection and Personalized,External data set,"Rojas-Barahona corpus from https://aclanthology.org/W18-5606/ Contains problem statements with cognitive distortions, labeled with different labels. Source is Koko platform (https://itskoko.com/).",Other: Labeled dataset of cognitive distortions,English,No,No,Unselected,not applicable
Bird 2023 Generative Transformer Chatbots,External data set,CounselChat https://github.com/nbertagnolli/counsel-chat,Internet data -- mental health Q&A,English,No,Yes,Unselected,Trained professionals
Das 2022 Conversational Bots for Psychotherapy,External data set,Alexander Street Press therapy transcripts,Psychotherapy -- speech transcripts,English,No,No,Unknown,Trained professionals
Das 2022 Conversational Bots for Psychotherapy,External data set,data from Reddit mental health subreddits,Internet data -- mental health forum,English,No,No,Unselected,Lay people
Furukawa 2023 Harnessing AI to Optimize,External data set,HCT dataset (Healthy Campus Trial),Other: automatic thought-feeling pairs,Japanese,No,No,Unselected,not applicable
Lai 2023 Supporting the Demand on Mental,External data set,PsyQA,Internet data -- mental health Q&A,Chinese,No,Yes,Unselected,Trained professionals
Qiu 2023 A Benchmark for Understanding Dialogue,External data set,"we crawl 2,000 blog titles from Yixinli’s QA column https://github.com/qiuhuachuan/DialogueSafety",Internet data -- mental health Q&A,Chinese,No,Yes,Unselected,Trained professionals
Saha 2022 Towards Motivational and Empathetic,External data set,"EmpatheticDialogues https://github.com/facebookresearch/EmpatheticDialogues From Rashkin et al. [52], containing around 25,000 conversations rooted in emotional situations, with labels for various emotions like sadness, anxiety, and anger.",Emotional support dialogue -- chat logs,English,No,Yes,Unselected,Lay people
Shen 2020 Counseling-Style Reflection Generation,External data set,Alexander Street Press therapy transcripts,Psychotherapy -- speech transcripts,English,No,No,Unknown,Trained professionals
Qiu 2024 SMILE: Single-turn to Multi-turn,Self-collected data,"PsyTest: was collected by the study authors for evaluation. It consists of 50 real-life, anonymized counseling dialogues conducted on an online platform they developed.",Psychotherapy -- chat logs,Chinese,No,No,Unknown,Trained professionals
Sun 2021 PsyQA: A Chinese Dataset,External data set,thus we crawled 50K articles (0.1Btokens in total) related to psychology and mentalhealth support from Yixinli (xinli001.com/info),Other: mental health related internet blog posts,Chinese,No,No,n.a.,not applicable
Wang 2024 PIRTRE-C: A Two-Stage Retrieval,External data set,PsyQA,,,,,,
Wang 2024 PIRTRE-C: A Two-Stage Retrieval,Self-collected data,", new collection curated by authors based on DSM (for RAG)",Other: Mental disorder dataset (from DSM),Chinese,No,No,n.a.,Trained professionals
Wang 2024 PIRTRE-C: A Two-Stage Retrieval,External data set,CPsyCounE (external test set for automatic evaluation),Emotional support dialogue -- chat logs,Chinese,Yes,Yes,Unselected,Unknown
Jafari 2025 Psychological Health Chatbot,"External data set, modified",Jigsaw Toxic Comment Classification Dataset,Other: online comments labeled for toxicity type,English,No,Yes,Unselected,Lay people
Jafari 2025 Psychological Health Chatbot,Self-collected data,"""a dataset of user messages with the system"", Collected messages from users interacting with the chatbot system developed in this study",Emotional support dialogue -- chat logs,Other: Persian,No,No,Unselected,not applicable
Jafari 2025 Psychological Health Chatbot,External data set,"Not explicitly named, but sourced from Reddit and Twitter data described in a prior study",Internet data -- mental health forum,English,No,Yes,Unselected,Lay people
Kolenik 2024 Computational Psychotherapy System,External data set,Bad Bad Words dataset,Other: list of words considered offensive,English,No,Yes,n.a.,not applicable
Kolenik 2024 Computational Psychotherapy System,External data set,Jigsaw Toxic Comment Classification Dataset,Other: online comments labeled for toxicity type,English,No,Yes,Unselected,Lay people